Red,Blue,White,Black,Green,Yellow
0.13646700978279114,0.15071257948875427,0.23391272127628326,0.24724321067333221,0.11391357332468033,0.11775092035531998
