Free RC Transfer,5-Day Money Back Guarantee,Free RSA for One Year,Return Policy
0.2509097158908844,0.3036332130432129,0.18103501200675964,0.2644220292568207
